<addon id="plugin.video.youtubemovieslatino"
       name="YouTube Movies Latino"
       version="1.0.0"
       provider-name="wetdreams69">
    
    <requires>
        <import addon="xbmc.python" version="3.0.0"/>
        <import addon="script.module.requests" version="2.18.4"/>
        <import addon="plugin.video.youtube" version="7.0.1"/>
    </requires>

    <extension point="xbmc.python.pluginsource" library="addon.py" />
    
    <extension point="xbmc.addon.metadata">
        <summary lang="es">Muestra peliculas de YouTube</summary>
        <description lang="es">Este addon lista peliculas de Youtube.</description>
        <platform>all</platform>
        <license>MIT</license>
        <language>es</language>
        <website>https://github.com/wetdreams69/plugin.video.youtubemovieslatino</website>
    </extension>
</addon>
